0,1,2
"ac
are
dade
aet
oo
ooo
oo
ooo
oo
ooo
oo
oo",,"N
NN
oo"
"WWW i
WwW i
Www
WwW
WWW
WW
WW
oo
oo
oo
ooo
oo
oo
oo
oo
ooo
oo
oo
oo
oo",,"WwW WwW
td to WW
N+
N
aw
NO
OOO
©"
"ooo
oo
oo
oo
oo
ooo
ooo
oo",,"oO +
oO
0
ot
ae"
"oo
oo
coo
oo
ooo
oo
oo
oo
oo
oo
ooo
oo
oo",,ae
"ee
e°e
ee
ee
eee
ee
ee
ee",,"eoees
ee
ee"
"Ww
in WV WY
w WV
wy uy",,"ae
ae"
"and
NN
NN
NA
NAN
NN
NN
ae
oo
oo
oo",,"ya)
oo"
"WwW
uJ uJ
WwW
th
NO
Nw
ON
WV
AO","Uw
ow","Wi
oe
NN"
"0 oO
ast
oth
0 0
aN
Ao",J 0,"rat
mo"
"co
ot
NO
ast
oo
oot
+",,~
"wot
tO
+
Ww
wo",cer,"or
oo"
"+o
ast
at
NN
Wed",Ow,0
"at
oo
ae
om
©
ee",ew,"OAN
on
eee"
"eee
ee
OO
ae
eta","we
lu","ee
Ne"
"ae
ae
ae
And
ae",,OO
"oo
oo
oo
oo
oOo",,oo
"LJ WW
WJ
Lu Li
uu uJ
WW",,"lJ
WW"
"WV ©
ant
cow
on
aw",,om
"Ww +
or
NO
woo
Ore",Ut,"++
ow"
"ee
0 0
WoO
oom",,OV
"ar
On
oon
Wn
0 ©
NW",,"om
NN"
"oO
oo
NW
Nea",UP,te
"one
ot
Nea
an
ON
Net
om",,ar
